epoch,step,train_loss,train_mse,train_r2,val_loss,val_mse,val_r2
0,24,,,,0.41965195536613464,0.41965195536613464,0.01589977741241455
0,24,,0.4766814708709717,-0.03818655014038086,,,
1,49,0.4190002679824829,,,,,
1,49,,,,0.3798365890979767,0.3798365890979767,0.10926836729049683
1,49,,0.43056923151016235,0.06224358081817627,,,
2,74,,,,0.3599781394004822,0.3599781394004822,0.15583717823028564
2,74,,0.3863441050052643,0.1585635542869568,,,
3,99,0.2406594455242157,,,,,
3,99,,,,0.3321389853954315,0.3321389853954315,0.22112107276916504
3,99,,0.3658873736858368,0.20311719179153442,,,
4,124,,,,0.3013980984687805,0.3013980984687805,0.29320967197418213
4,124,,0.32864418625831604,0.2842308282852173,,,
5,149,0.28148943185806274,,,,,
5,149,,,,0.2930431663990021,0.2930431663990021,0.312802255153656
5,149,,0.30106979608535767,0.34428632259368896,,,
6,174,,,,0.27483588457107544,0.27483588457107544,0.35549914836883545
6,174,,0.28041785955429077,0.38926517963409424,,,
7,199,0.18036170303821564,,,,,
7,199,,,,0.25060349702835083,0.25060349702835083,0.41232502460479736
7,199,,0.26616188883781433,0.42031389474868774,,,
8,224,,,,0.2355448603630066,0.2355448603630066,0.4476380944252014
8,224,,0.24836131930351257,0.4590826630592346,,,
9,249,0.1796143352985382,,,,,
9,249,,,,0.2229548692703247,0.2229548692703247,0.47716212272644043
9,249,,0.2306927740573883,0.4975636601448059,,,
10,274,,,,0.2722616493701935,0.2722616493701935,0.36153578758239746
10,274,,0.225052610039711,0.5098476409912109,,,
11,299,0.19334623217582703,,,,,
11,299,,,,0.20446892082691193,0.20446892082691193,0.5205123424530029
11,299,,0.22106628119945526,0.5185297131538391,,,
12,324,,,,0.1996527910232544,0.1996527910232544,0.5318064093589783
12,324,,0.2010684460401535,0.5620838403701782,,,
13,349,0.2378733903169632,,,,,
13,349,,,,0.19317498803138733,0.19317498803138733,0.5469970703125
13,349,,0.20109054446220398,0.5620356798171997,,,
14,374,,,,0.18849611282348633,0.18849611282348633,0.5579692125320435
14,374,,0.19202163815498352,0.5817872881889343,,,
15,399,0.1461438238620758,,,,,
15,399,,,,0.19854843616485596,0.19854843616485596,0.5343961715698242
15,399,,0.18337756395339966,0.6006135940551758,,,
16,424,,,,0.21278220415115356,0.21278220415115356,0.5010173916816711
16,424,,0.18747344613075256,0.5916930437088013,,,
17,449,0.11601628363132477,,,,,
17,449,,,,0.18052205443382263,0.18052205443382263,0.5766687393188477
17,449,,0.18371842801570892,0.5998712182044983,,,
18,474,,,,0.19511772692203522,0.19511772692203522,0.5424413084983826
18,474,,0.17916753888130188,0.6097828149795532,,,
19,499,0.23922212421894073,,,,,
19,499,,,,0.17667102813720703,0.17667102813720703,0.5856995582580566
19,499,,0.18431593477725983,0.5985698699951172,,,
20,524,,,,0.1936653107404709,0.1936653107404709,0.5458472967147827
20,524,,0.17909112572669983,0.6099492311477661,,,
21,549,0.16520164906978607,,,,,
21,549,,,,0.17141593992710114,0.17141593992710114,0.5980229377746582
21,549,,0.16893289983272552,0.6320734024047852,,,
22,574,,,,0.1915864795446396,0.1915864795446396,0.5507222414016724
22,574,,0.16816771030426025,0.6337398886680603,,,
23,599,0.19442370533943176,,,,,
23,599,,,,0.1786368489265442,0.1786368489265442,0.5810896158218384
23,599,,0.1887572705745697,0.5888969302177429,,,
24,624,,,,0.1724374145269394,0.1724374145269394,0.59562748670578
24,624,,0.16878367960453033,0.632398247718811,,,
25,649,0.13841931521892548,,,,,
25,649,,,,0.17148417234420776,0.17148417234420776,0.597862958908081
25,649,,0.16459695994853973,0.6415168046951294,,,
26,674,,,,0.16686512529850006,0.16686512529850006,0.6086947917938232
26,674,,0.1595466136932373,0.65251624584198,,,
27,699,0.2013283371925354,,,,,
27,699,,,,0.1616424024105072,0.1616424024105072,0.620942234992981
27,699,,0.16165609657764435,0.6479218006134033,,,
28,724,,,,0.1646120697259903,0.1646120697259903,0.6139782667160034
28,724,,0.15729370713233948,0.6574228405952454,,,
29,749,0.23901571333408356,,,,,
29,749,,,,0.18543551862239838,0.18543551862239838,0.5651464462280273
29,749,,0.1598145067691803,0.6519326567649841,,,
30,774,,,,0.16652606427669525,0.16652606427669525,0.6094898581504822
30,774,,0.16151408851146698,0.6482310891151428,,,
31,799,0.11085598170757294,,,,,
31,799,,,,0.1589653193950653,0.1589653193950653,0.627220094203949
31,799,,0.1592797189950943,0.6530974507331848,,,
32,824,,,,0.15706275403499603,0.15706275403499603,0.6316816806793213
32,824,,0.1512574404478073,0.6705695390701294,,,
33,849,0.10737472772598267,,,,,
33,849,,,,0.1559332013130188,0.1559332013130188,0.6343305110931396
33,849,,0.1474442034959793,0.6788744926452637,,,
34,874,,,,0.14932943880558014,0.14932943880558014,0.649816632270813
34,874,,0.14615117013454437,0.6816906929016113,,,
35,899,0.06686218827962875,,,,,
35,899,,,,0.15444514155387878,0.15444514155387878,0.6378201246261597
35,899,,0.14357292652130127,0.6873059272766113,,,
36,924,,,,0.15706779062747955,0.15706779062747955,0.6316698789596558
36,924,,0.14680084586143494,0.6802756786346436,,,
37,949,0.15684595704078674,,,,,
37,949,,,,0.14644509553909302,0.14644509553909302,0.6565805077552795
37,949,,0.1480330526828766,0.6775920391082764,,,
38,974,,,,0.14923657476902008,0.14923657476902008,0.6500344276428223
38,974,,0.14034809172153473,0.6943295001983643,,,
39,999,0.1886054426431656,,,,,
39,999,,,,0.14843833446502686,0.14843833446502686,0.6519063115119934
39,999,,0.13870863616466522,0.6979001760482788,,,
40,1024,,,,0.14002223312854767,0.14002223312854767,0.6716424226760864
40,1024,,0.14181049168109894,0.6911444664001465,,,
41,1049,0.08508044481277466,,,,,
41,1049,,,,0.14427512884140015,0.14427512884140015,0.661669135093689
41,1049,,0.1385139524936676,0.6983240842819214,,,
42,1074,,,,0.15204136073589325,0.15204136073589325,0.6434570550918579
42,1074,,0.12974438071250916,0.7174237966537476,,,
43,1099,0.10156916081905365,,,,,
43,1099,,,,0.1347847580909729,0.1347847580909729,0.6839244365692139
43,1099,,0.13214051723480225,0.7122051119804382,,,
44,1124,,,,0.13146211206912994,0.13146211206912994,0.691716194152832
44,1124,,0.13063643872737885,0.7154809236526489,,,
45,1149,0.14217063784599304,,,,,
45,1149,,,,0.13011130690574646,0.13011130690574646,0.6948838829994202
45,1149,,0.12992434203624725,0.7170318365097046,,,
46,1174,,,,0.13757659494876862,0.13757659494876862,0.6773775219917297
46,1174,,0.1268162578344345,0.7238011360168457,,,
47,1199,0.14302492141723633,,,,,
47,1199,,,,0.13136698305606842,0.13136698305606842,0.6919392347335815
47,1199,,0.13404271006584167,0.7080622315406799,,,
48,1224,,,,0.12070117145776749,0.12070117145776749,0.7169510126113892
48,1224,,0.12633299827575684,0.7248536348342896,,,
49,1249,0.13313427567481995,,,,,
49,1249,,,,0.11896735429763794,0.11896735429763794,0.7210168838500977
49,1249,,0.11811139434576035,0.7427598237991333,,,
50,1274,,,,0.11603818088769913,0.11603818088769913,0.7278859615325928
50,1274,,0.11439159512519836,0.7508612871170044,,,
51,1299,0.07714428752660751,,,,,
51,1299,,,,0.11488179117441177,0.11488179117441177,0.730597734451294
51,1299,,0.11613597720861435,0.7470621466636658,,,
52,1324,,,,0.1110079362988472,0.1110079362988472,0.7396820783615112
52,1324,,0.11190254241228104,0.7562823295593262,,,
53,1349,0.13819463551044464,,,,,
53,1349,,,,0.10973730683326721,0.10973730683326721,0.742661714553833
53,1349,,0.11175697296857834,0.7565993666648865,,,
54,1374,,,,0.10928365588188171,0.10928365588188171,0.7437255382537842
54,1374,,0.1089119017124176,0.7627957463264465,,,
55,1399,0.17730049788951874,,,,,
55,1399,,,,0.11540686339139938,0.11540686339139938,0.7293664216995239
55,1399,,0.11052676290273666,0.7592787742614746,,,
56,1424,,,,0.11008211970329285,0.11008211970329285,0.7418531179428101
56,1424,,0.11182475090026855,0.7564517259597778,,,
57,1449,0.15759770572185516,,,,,
57,1449,,,,0.11720551550388336,0.11720551550388336,0.7251484394073486
57,1449,,0.10182786732912064,0.7782244682312012,,,
58,1474,,,,0.11407419294118881,0.11407419294118881,0.7324915528297424
58,1474,,0.10627355426549911,0.7685419917106628,,,
59,1499,0.056929152458906174,,,,,
59,1499,,,,0.10140494257211685,0.10140494257211685,0.7622014284133911
59,1499,,0.10375384241342545,0.7740297913551331,,,
60,1524,,,,0.09518802911043167,0.09518802911043167,0.776780366897583
60,1524,,0.10012956708669662,0.781923234462738,,,
61,1549,0.05141931772232056,,,,,
61,1549,,,,0.09629618376493454,0.09629618376493454,0.7741816639900208
61,1549,,0.0957569032907486,0.7914466857910156,,,
62,1574,,,,0.09585558623075485,0.09585558623075485,0.7752149105072021
62,1574,,0.09354417026042938,0.7962659001350403,,,
63,1599,0.09572382271289825,,,,,
63,1599,,,,0.09147780388593674,0.09147780388593674,0.7854809761047363
63,1599,,0.090874083340168,0.8020812273025513,,,
64,1624,,,,0.08793006092309952,0.08793006092309952,0.7938005924224854
64,1624,,0.09515321999788284,0.7927614450454712,,,
65,1649,0.04156317934393883,,,,,
65,1649,,,,0.08107233047485352,0.08107233047485352,0.8098822236061096
65,1649,,0.08851177245378494,0.8072261810302734,,,
66,1674,,,,0.08318931609392166,0.08318931609392166,0.8049178123474121
66,1674,,0.08596333861351013,0.8127765655517578,,,
67,1699,0.061939772218465805,,,,,
67,1699,,,,0.07657642662525177,0.07657642662525177,0.820425271987915
67,1699,,0.08026745915412903,0.8251818418502808,,,
68,1724,,,,0.07435695827007294,0.07435695827007294,0.8256300091743469
68,1724,,0.0787835493683815,0.828413724899292,,,
69,1749,0.07027065008878708,,,,,
69,1749,,,,0.08566689491271973,0.08566689491271973,0.7991077899932861
69,1749,,0.07892114669084549,0.8281140327453613,,,
70,1774,,,,0.07455532997846603,0.07455532997846603,0.825164794921875
70,1774,,0.07381825149059296,0.8392278552055359,,,
71,1799,0.06894826143980026,,,,,
71,1799,,,,0.06444118171930313,0.06444118171930313,0.8488829135894775
71,1799,,0.07048964500427246,0.8464773893356323,,,
72,1824,,,,0.07039815187454224,0.07039815187454224,0.8349135518074036
72,1824,,0.06522160768508911,0.8579509258270264,,,
73,1849,0.06867770850658417,,,,,
73,1849,,,,0.06738898158073425,0.06738898158073425,0.8419702053070068
73,1849,,0.066656194627285,0.8548263907432556,,,
74,1874,,,,0.054657235741615295,0.054657235741615295,0.8718266487121582
74,1874,,0.06560096889734268,0.8571246862411499,,,
75,1899,0.1037965938448906,,,,,
75,1899,,,,0.05510147660970688,0.05510147660970688,0.8707848787307739
75,1899,,0.06528991460800171,0.8578020930290222,,,
76,1924,,,,0.0576440654695034,0.0576440654695034,0.8648223876953125
76,1924,,0.05661163851618767,0.8767029047012329,,,
77,1949,0.04824814200401306,,,,,
77,1949,,,,0.04655831679701805,0.04655831679701805,0.8908189535140991
77,1949,,0.05380232632160187,0.8828214406967163,,,
78,1974,,,,0.054492540657520294,0.054492540657520294,0.8722128868103027
78,1974,,0.054478105157613754,0.8813496232032776,,,
79,1999,0.04890400171279907,,,,,
79,1999,,,,0.042615536600351334,0.042615536600351334,0.9000648856163025
79,1999,,0.049002934247255325,0.8932742476463318,,,
80,2024,,,,0.03970581665635109,0.03970581665635109,0.9068883061408997
80,2024,,0.04567667841911316,0.9005186557769775,,,
81,2049,0.03503904119133949,,,,,
81,2049,,,,0.0401352196931839,0.0401352196931839,0.9058813452720642
81,2049,,0.04368528723716736,0.9048557877540588,,,
82,2074,,,,0.035505298525094986,0.035505298525094986,0.9167386889457703
82,2074,,0.04302094131708145,0.9063026905059814,,,
83,2099,0.03429460898041725,,,,,
83,2099,,,,0.03513624146580696,0.03513624146580696,0.9176041483879089
83,2099,,0.040609050542116165,0.9115557074546814,,,
84,2124,,,,0.03322220593690872,0.03322220593690872,0.922092616558075
84,2124,,0.038949545472860336,0.9151700139045715,,,
85,2149,0.05584077537059784,,,,,
85,2149,,,,0.030052484944462776,0.030052484944462776,0.9295257329940796
85,2149,,0.032254401594400406,0.9297516942024231,,,
86,2174,,,,0.030084148049354553,0.030084148049354553,0.9294514656066895
86,2174,,0.03093169629573822,0.9326324462890625,,,
87,2199,0.02158575877547264,,,,,
87,2199,,,,0.02551114372909069,0.02551114372909069,0.9401753544807434
87,2199,,0.02858872152864933,0.9377353191375732,,,
88,2224,,,,0.026272784918546677,0.026272784918546677,0.9383893013000488
88,2224,,0.028337309136986732,0.93828284740448,,,
89,2249,0.010778581723570824,,,,,
89,2249,,,,0.01948346197605133,0.01948346197605133,0.9543105363845825
89,2249,,0.024578943848609924,0.9464684128761292,,,
90,2274,,,,0.019355298951268196,0.019355298951268196,0.95461106300354
90,2274,,0.025473622605204582,0.9445198178291321,,,
91,2299,0.015786470845341682,,,,,
91,2299,,,,0.023280993103981018,0.023280993103981018,0.9454051852226257
91,2299,,0.02813565544784069,0.9387220740318298,,,
92,2324,,,,0.02589399181306362,0.02589399181306362,0.9392775893211365
92,2324,,0.029177309945225716,0.9364534020423889,,,
93,2349,0.01467621698975563,,,,,
93,2349,,,,0.02779088169336319,0.02779088169336319,0.9348292946815491
93,2349,,0.021890461444854736,0.9523237943649292,,,
94,2374,,,,0.015330896712839603,0.015330896712839603,0.964048445224762
94,2374,,0.019198503345251083,0.958186686038971,,,
95,2399,0.013180511072278023,,,,,
95,2399,,,,0.018115628510713577,0.018115628510713577,0.9575181603431702
95,2399,,0.017249317839741707,0.9624319076538086,,,
96,2424,,,,0.01544453389942646,0.01544453389942646,0.9637819528579712
96,2424,,0.01807921938598156,0.9606244564056396,,,
97,2449,0.012307417578995228,,,,,
97,2449,,,,0.01433472242206335,0.01433472242206335,0.9663845300674438
97,2449,,0.016239255666732788,0.9646317958831787,,,
98,2474,,,,0.015616918914020061,0.015616918914020061,0.9633777141571045
98,2474,,0.019204508513212204,0.9581736326217651,,,
99,2499,0.010117805562913418,,,,,
99,2499,,,,0.010940492153167725,0.010940492153167725,0.9743441343307495
99,2499,,0.014203211292624474,0.9690662026405334,,,
